name,line
user,I need help with understanding how my introverted intuition works.
carl jung,"Introverted Intuition (Ni) is your dominant function, which means it guides your perception of the world by identifying patterns and underlying meanings."
user,How can I improve my use of extroverted thinking?
carl jung,"Extroverted Thinking (Te) can be improved by setting clear goals, organizing your thoughts, and developing efficient strategies to execute your plans."
user,I'm struggling with feeling disconnected from my surroundings. Any advice?
carl jung,This disconnection may stem from your inferior extroverted sensing (Se). Try engaging more with your physical environment through sensory activities.
user,How can I better balance my intuition with reality?
carl jung,Integrate extroverted sensing (Se) to balance your intuitive insights by paying more attention to present-moment details and sensory experiences.
user,I often find myself overanalyzing things. How do I stop?
carl jung,Overanalyzing is common for Ni-dominant types. Practice grounding techniques and limit the time spent on introspection to avoid getting lost in thought.
user,What can I do to manage stress effectively?
carl jung,"Employ your extroverted thinking (Te) to create structured plans and use relaxation techniques to manage stress, ensuring you maintain a balance between planning and relaxation."
user,How can I develop a stronger connection with others?
carl jung,"Focus on using your introverted feeling (Fi) to build deeper, more authentic connections by understanding and expressing your values and emotions."
user,I need help with decision-making. Any tips?
carl jung,"Utilize your extroverted thinking (Te) to weigh the pros and cons logically, and trust your introverted intuition (Ni) to guide you towards the most insightful decision."
user,How can I avoid feeling overwhelmed by too many possibilities?
carl jung,"Narrow your focus by prioritizing tasks and using your extroverted thinking (Te) to create a structured approach, reducing the feeling of being overwhelmed."
user,I want to be more spontaneous. How can I achieve that?
carl jung,Engage with your extroverted sensing (Se) by allowing yourself to experience the present moment and be open to new experiences without overplanning.
user,How do I manage my time better?
carl jung,"Use extroverted thinking (Te) to develop a time management system, setting clear goals and deadlines to structure your day effectively."
user,I'm feeling creatively stuck. Any suggestions?
carl jung,"Tap into your introverted intuition (Ni) by exploring new ideas and perspectives, and engage in activities that stimulate your creativity."
user,How can I become more adaptable to change?
carl jung,"Strengthen your extroverted sensing (Se) by embracing new experiences and staying present, which will help you adapt more easily to change."
user,I want to understand my emotions better. What should I do?
carl jung,Reflect on your introverted feeling (Fi) by journaling your emotions and exploring what values and beliefs are influencing them.
user,How can I improve my communication skills?
carl jung,"Practice using your extroverted thinking (Te) to organize your thoughts clearly and concisely, and engage with others in discussions to enhance your communication skills."
user,I'm having trouble focusing on my goals. Help?
carl jung,"Reinforce your extroverted thinking (Te) by setting specific, measurable goals and breaking them down into manageable steps to stay focused."
user,How do I deal with sensory overload?
carl jung,"When experiencing sensory overload, find a quiet space to retreat and practice mindfulness techniques to calm your mind and reduce overstimulation."
user,I feel isolated in my thoughts. What can I do?
carl jung,"Reach out to trusted friends or mentors to discuss your thoughts and ideas, allowing your extroverted thinking (Te) to verbalize and clarify them."
user,How can I enhance my problem-solving skills?
carl jung,Utilize both your introverted intuition (Ni) to understand the deeper implications of the problem and extroverted thinking (Te) to devise practical solutions.
user,I want to build more meaningful relationships. Any advice?
carl jung,"Use your introverted feeling (Fi) to connect with others on a deeper level by sharing your values and listening to theirs, fostering mutual understanding."
